"","sleep"
"1",5.806301912723
"2",5.74006743435071
"3",7.27302963913501
"4",7.1017373007149
"5",3.47598583787435
"6",8.86086018357906
"7",7.67458860397779
"8",10.9243110597225
"9",8.32779735707665
"10",6.62956103655701
"11",11.4960867204371
"12",11.5483390358733
"13",5.47193227556473
"14",8.00354793393314
"15",6.98312962205177
"16",7.58057671983102
"17",7.64131409285322
"18",5.40714930569642
"19",7.72838437036384
"20",9.92387104471269
"21",7.0538649937978
"22",7.05560993395232
"23",9.3978580095062
"24",8.64759436102442
"25",4.82725777242807
"26",7.64283545989328
"27",9.7803208520166
"28",9.42291452487871
"29",7.92992740572134
"30",8.38183121066934
"31",5.50459718171697
"32",7.75019735032206
"33",5.86832659721827
"34",6.61297289785458
"35",8.7034055256694
"36",5.59466033246328
"37",7.70037737630959
"38",7.94249805920732
"39",7.38236795475944
"40",10.0332832327531
"41",5.76647900713713
"42",8.2091953921534
"43",7.166604148824
"44",6.90875163424911
"45",7.99613685077857
"46",5.7693991139741
"47",5.32982362522239
"48",6.55827868677487
"49",9.92763572463317
"50",7.38364716191878
"51",7.79715159734183
"52",7.01523004348369
"53",8.00573909793074
"54",5.87248068547428
"55",9.03686569985296
"56",8.17705789036203
"57",6.09032076596244
"58",7.38182986871799
"59",8.37449742924868
"60",8.13659647308191
"61",9.52290102381532
"62",6.38051836765772
"63",8.97420492323559
"64",8.85482201491183
"65",7.05627530214572
"66",5.83610996076717
"67",5.66628221367323
"68",7.98668043691746
"69",7.19330989941866
"70",9.96865400027717
"71",8.10270694074431
"72",6.74208268725476
"73",5.76168662725433
"74",6.42639748809212
"75",7.814332589346
"76",6.62359802941502
"77",8.07134518034604
"78",6.79849292174533
"79",7.14166013680829
"80",6.20423549078826
"81",10.1575653773631
"82",7.79893259720559
"83",7.64595046074918
"84",4.7622063776739
"85",8.28968784932399
"86",5.76456461668043
"87",5.96271763846855
"88",8.67751175653247
"89",6.62094903023765
"90",4.67744157999523
"91",9.95485616483403
"92",3.73388961191122
"93",8.15921729478938
"94",8.82587387362691
"95",6.3535482000092
"96",7.96643057711733
"97",7.95869558258283
"98",8.86093472937177
"99",8.02614908192878
"100",6.93267433136121
"101",8.67398808691032
"102",8.50093353476465
"103",5.89514644879631
"104",5.1988188490064
"105",7.54041630998977
"106",6.88905643783723
"107",5.82169133115656
"108",7.42589601927255
"109",5.32000521026964
"110",7.5418395269893
"111",6.36260741868712
"112",8.73574641128872
"113",10.9367337117423
"114",5.92603113446981
"115",8.88649625641446
"116",8.53772459165242
"117",7.19470866354196
"118",6.61953043891448
"119",9.66296156025623
"120",4.29181327264563
"121",6.33520781260951
"122",5.14473483451334
"123",9.39297015841911
"124",7.01394485103271
"125",6.51299320079549
"126",12.0760667110995
"127",7.22494409816856
"128",6.63437603220021
"129",7.74979787520422
"130",4.94736306886755
"131",8.0354539640081
"132",7.15575519838005
"133",8.00278768379522
"134",5.82644404609322
"135",5.76552423677808
"136",6.25987800508572
"137",6.14801564036083
"138",9.24857495002538
"139",9.66871834271214
"140",7.0646620704414
"141",6.76159515912298
"142",6.8064417543675
"143",7.40385471677952
"144",7.44535635055158
"145",7.73505158164836
"146",6.17998158843062
"147",6.02965541676952
"148",9.09561649561913
"149",6.47705895834502
"150",7.75456854283818
"151",7.214544199295
"152",5.863225911774
"153",8.18659286411726
"154",7.55965731023943
"155",9.39967503431876
"156",7.47618937694048
"157",6.80268136269872
"158",7.71744236995805
"159",5.52161252644699
"160",6.0461589199096
"161",8.06540987670915
"162",6.80031864816408
"163",7.2010585804713
"164",7.12716743586708
"165",6.32423107183821
"166",4.27196701137637
"167",7.82325245526489
"168",8.44245926147029
"169",5.36692564697481
"170",9.52360407768791
"171",7.87773223553085
"172",9.31246044249081
"173",5.86424429313657
"174",7.55017193253138
"175",7.14997906159179
"176",8.45276114782266
"177",6.43621064813096
"178",7.28485349207131
"179",4.63201127688408
"180",6.13356783569425
"181",7.48755082549766
"182",6.24051776141767
"183",7.23464577128278
"184",6.59811103911217
"185",8.21039520424224
"186",9.05273246312434
"187",6.06624788078872
"188",6.83944516210791
"189",9.45964188755461
"190",4.00161511872444
"191",6.8202433123889
"192",10.397056426215
"193",10.5903851035964
"194",7.53489298502522
"195",6.00458657407954
"196",7.54818612923566
"197",6.32083840607947
"198",9.47922592343723
"199",6.09027601644543
"200",7.85936739281312
"201",8.22977511185304
"202",6.16373475895623
"203",8.57728702225928
"204",6.17810504362554
"205",8.24535974448097
"206",8.94499244965533
"207",5.81733561642519
"208",8.9619925614694
"209",6.56570069318138
"210",7.74153008265545
"211",7.60275620843315
"212",6.6592054204927
"213",7.70215430499668
"214",5.45435361186424
"215",7.09579469172255
"216",8.53868624749776
"217",4.03881302615603
"218",5.06811071896262
"219",5.55709366360454
"220",4.91636545878186
"221",7.92937455894454
"222",5.81060747536598
"223",4.05317937200654
"224",6.34364685237933
"225",6.71404712278779
"226",8.58517821066716
"227",5.64437179600176
"228",9.04193388360804
"229",7.89754407344291
"230",7.84352823645332
"231",6.02121149452825
"232",10.2305018198471
"233",7.05359375185427
"234",4.5626536237325
"235",6.99421529291126
"236",4.39833389390192
"237",6.83423482631999
"238",6.66665949521557
"239",8.32274453560511
"240",8.81424427860624
"241",6.21084255264827
"242",8.50916330256254
"243",9.43648466450314
"244",6.12378399273603
"245",6.321393450251
"246",8.27616754473052
"247",7.5745719549159
"248",8.12316244066642
"249",9.40702644182134
"250",7.88062467936459
"251",8.87755190526306
"252",8.23435819350579
"253",7.95043058471328
"254",7.87912665727662
"255",9.23698495668712
"256",5.79661018943402
"257",5.64222590626376
"258",8.18791900509581
"259",7.12046550380033
"260",7.41100781752744
"261",8.4119160657571
"262",8.42994257177361
"263",6.90599424495733
"264",6.83118419650435
"265",7.4103979135118
"266",8.89452668394212
"267",7.93903073001851
"268",9.44951126623479
"269",7.28854469437004
"270",8.98850140783113
"271",8.62450346652587
"272",8.21812519135011
"273",7.9220510601677
"274",6.88017640428622
"275",7.13644373624615
"276",7.6440932435627
"277",7.37333333601893
"278",8.71483670257933
"279",7.13602431522035
"280",7.19443461761826
"281",6.5735213686515
"282",7.09249550718501
"283",7.19685153654423
"284",3.82939633915088
"285",5.25275245417852
"286",7.19126963507206
"287",6.90207433770325
"288",5.49869600768885
"289",4.31269273593547
"290",6.76844617012986
"291",8.28024364854141
"292",9.95985794789135
"293",7.24231480943599
"294",9.53977726094157
"295",7.42453323645395
"296",7.47329815638934
"297",7.78723797002312
"298",5.99413413210862
"299",7.22242268065768
"300",8.66267154818838
"301",6.17541131972172
"302",6.81759089516806
"303",5.57834387431112
"304",7.83152829467403
"305",7.93719967358353
"306",8.27252102683612
"307",5.47028495272465
"308",7.46085255213215
"309",5.88391346252523
"310",7.29942302692596
"311",9.31393588000912
"312",6.54471206959859
"313",8.37502498140824
"314",6.17549712387446
"315",6.58220768432454
"316",7.95808262587992
"317",6.2813315943132
"318",4.74555274728185
"319",9.19775265281999
"320",7.84053585681977
"321",6.42454083915987
"322",4.3088818190041
"323",10.153314657099
"324",12.3855562319073
"325",7.61122061103318
"326",8.57470997126678
"327",9.13684046811124
"328",6.24729334969209
"329",6.77320565566519
"330",4.70931844503221
"331",6.19513265159219
"332",8.23361467432917
"333",6.86392601613869
"334",6.97868269872538
"335",7.13116067274623
"336",4.50449952625659
"337",8.55644490134751
"338",5.13476066659687
"339",6.98714475637653
"340",6.64215480691175
"341",6.9721092747157
"342",9.48994891710368
"343",6.42691012312695
"344",6.12535360643216
"345",5.02051900758423
"346",6.09145287758313
"347",5.55072293894839
"348",7.91191929437244
"349",6.00549363098818
"350",7.7560630525422
"351",7.08035876822812
"352",5.14965673013379
"353",6.11408832141595
"354",8.62766868258652
"355",8.65461412893185
"356",10.3083599114509
"357",7.29462953740033
"358",5.05625977902679
"359",6.14737445947726
"360",7.91273275726022
"361",10.1502045023421
"362",7.46501368515958
"363",9.0105802376927
"364",8.45212195703839
"365",5.547862566824
"366",7.04333102160271
"367",9.25789230452152
"368",8.61414416439387
"369",7.9956942123517
"370",8.01567136806532
"371",6.5628920496859
"372",5.3209220299837
"373",9.24313868624696
"374",5.16967076249961
"375",5.89165612044126
"376",8.24344748877976
"377",5.4067081759156
"378",6.47219438009081
"379",5.52580073982628
"380",8.23099533659343
"381",7.96946952495714
"382",7.93282703991053
"383",7.96369715821846
"384",8.13586861956841
"385",8.25903473795578
"386",4.34700766498867
"387",7.0767754579602
"388",7.46869571882785
"389",8.38701430397164
"390",5.51877088599207
"391",6.55059971527613
"392",5.68953551387326
"393",8.88586031906452
"394",9.218608874814
"395",8.48151508803885
"396",5.46639492613451
"397",7.97792817510498
"398",9.02567377957137
"399",7.55191147110469
"400",6.45083600065604
"401",5.67082263908297
"402",6.30204580665977
"403",8.37227253392401
"404",6.65250834942711
"405",7.64142240991013
"406",9.24241869350546
"407",8.16750241070418
"408",9.34700917221031
"409",4.74763029600939
"410",6.87898558042931
"411",7.39760202923829
"412",8.16788393741277
"413",5.54619006770654
"414",8.50927728317093
"415",7.7610851142435
"416",7.69570902040708
"417",8.06272718740757
"418",7.12546234018451
"419",8.68831914774867
"420",8.27234466059723
"421",7.07468593874845
"422",8.86056552901105
"423",7.73883802741927
"424",8.3031270991592
"425",6.40873353756367
"426",9.67064775547888
"427",7.29401658347502
"428",8.57176415334021
"429",7.14982521116096
"430",6.8805551395291
"431",8.47665736792001
"432",4.92307503311324
"433",8.01754922169104
"434",7.89034955949222
"435",3.25700594631323
"436",7.85256599279989
"437",4.04737337897949
"438",8.28970656533908
"439",6.61912939992821
"440",6.25759476214766
"441",7.289730545241
"442",9.35957806747598
"443",6.34701538417316
"444",8.13715494092316
"445",7.81173680263282
"446",5.53072205628766
"447",4.68846697399904
"448",4.31112134314129
"449",8.12691131720183
"450",7.24788690770305
"451",10.0758575554159
"452",8.16051266239457
"453",8.57454383662391
"454",9.30157537800243
"455",6.54892135305254
"456",8.06514689234273
"457",8.60318990536623
"458",9.35402753200454
"459",8.44397671948955
"460",7.931720759556
"461",5.99766392909316
"462",8.39434054143654
"463",8.05039880862743
"464",8.25137538056036
"465",7.93546756835838
"466",6.99724293293499
"467",7.18470115234898
"468",8.33104616992227
"469",7.55744726038681
"470",6.05483713850952
"471",6.8647613202915
"472",5.32131141373524
"473",5.84945214599663
"474",7.08308339479672
"475",4.60280116543761
"476",4.76718628811263
"477",8.95384779915413
"478",6.43507161368284
"479",4.52246240567277
"480",7.13070514085654
"481",9.28160390083227
"482",8.29338144540196
"483",7.96207479753046
"484",9.07561886841976
"485",6.14274783834866
"486",8.39453378702806
"487",6.41937157633171
"488",7.30114627954377
"489",10.6216979790102
"490",8.75415159356389
"491",8.45201157057582
"492",5.63750813227276
"493",6.12064612000793
"494",10.7261747203924
"495",5.66004885404003
"496",7.62171906292761
"497",8.63885658945561
"498",8.82813695851339
"499",8.93366801637886
"500",7.05530651517218
"501",6.06851995432
"502",6.83911415051704
"503",5.9468529871908
"504",8.24060311467247
"505",8.98053254263916
"506",10.4908203287403
"507",7.84917157439758
"508",5.98782793420947
"509",8.83671229448984
"510",8.65713834054296
"511",6.94262695614576
"512",4.96321764419153
"513",8.44196484309087
"514",8.99371659346244
"515",6.8573382539411
"516",8.10436422753704
"517",6.88616428787423
"518",8.32347286770627
"519",7.12406392792773
"520",6.78298620411991
"521",7.46743074729582
"522",6.87489202752656
"523",6.41347425331857
"524",6.8260946031364
"525",7.2877717715117
"526",7.61124271107771
"527",9.59863543243876
"528",5.26300325356977
"529",7.00057142417059
"530",8.24728469167124
"531",9.9430313551643
"532",7.93902154392324
"533",7.2793698752869
"534",6.83866463560546
"535",7.92146224616243
"536",8.78358688029459
"537",7.02421253418092
"538",7.54564211026984
"539",7.62540451621658
"540",8.39391645131448
"541",8.96707061053703
"542",7.71874122540945
"543",7.18574399267923
"544",9.39199469831286
"545",7.54680117640838
"546",9.66677796819022
"547",7.20711601357068
"548",8.22088444629053
"549",4.98086710863214
"550",7.13141205799389
"551",7.26730819005867
"552",6.16248187387518
"553",5.74616067336655
"554",8.72223895382772
"555",8.67123810089158
"556",5.35190200773031
"557",7.93656819240151
"558",5.63118202006737
"559",5.72339016072766
"560",8.08811867239953
"561",6.27096399986042
"562",8.79021997318332
"563",7.35778539861302
"564",8.10422346367859
"565",6.51455995317076
"566",5.57316799758461
"567",8.67212836150413
"568",7.65710723734407
"569",6.94139836081794
"570",7.4038529898186
"571",9.28886251389887
"572",6.25275004806989
"573",6.17588733330523
"574",6.37057742093897
"575",4.9225130976852
"576",8.52944220625561
"577",7.58855447011637
"578",7.61075796132689
"579",7.23497896847847
"580",6.53475933786383
"581",6.06487207933566
"582",8.57778460493901
"583",5.16072299061977
"584",7.96044841294812
"585",6.11108252386347
"586",7.7234653218182
"587",6.18896421671477
"588",6.51498747597396
"589",9.95404887554052
"590",8.30242392840027
"591",4.08265446358651
"592",7.48961862415048
"593",6.62228059561416
"594",5.5950607183335
"595",7.61467883564679
"596",7.49494827402904
"597",6.80724014114787
"598",10.2590553510062
"599",3.92696489977516
"600",8.55732908091774
"601",6.86646509430614
"602",8.28477011586907
"603",6.61900344904198
"604",6.40920315633235
"605",4.73443050040806
"606",6.98582735759089
"607",11.0181187020356
"608",8.78455331219405
"609",9.81335823374024
"610",8.67244797747106
"611",9.01639406194278
"612",8.65431462174866
"613",8.01308864764765
"614",6.42620683900449
"615",6.50059789401479
"616",4.89874000543707
"617",7.29127342918001
"618",8.64903351378507
"619",8.84788383478911
"620",7.44269905668313
"621",6.47855857416713
"622",12.2357761649778
"623",8.40502829687564
"624",9.4308629573187
"625",6.79347903899901
"626",7.24306355941811
"627",7.97291064656009
"628",9.81478346792244
"629",6.83278818181581
"630",8.5804235001746
"631",4.15777804851966
"632",6.53911834887755
"633",5.36198638485503
"634",8.97004407603565
"635",7.05332036757961
"636",6.71443887698989
"637",9.35364976929786
"638",8.97440928736004
"639",5.95296819479875
"640",7.94179973141447
"641",5.45733314723162
"642",6.58657746368323
"643",9.72486645572043
"644",9.47519192699566
"645",8.96352813320026
"646",6.44364417050451
"647",4.47785279458667
"648",5.53645272396376
"649",8.72883478694128
"650",6.86414817075237
"651",4.05608778164803
"652",7.02971876842531
"653",9.41535883168686
"654",8.2652029607793
"655",6.06811218470587
"656",4.98112502190246
"657",6.06017916154482
"658",7.35179150698228
"659",8.63211055136809
"660",4.39008976781462
"661",8.83480263291118
"662",7.30818658988203
"663",8.15466845440874
"664",4.82011665514769
"665",6.30001842981673
"666",6.62764871610171
"667",8.86583702246354
"668",8.84226107109312
"669",7.95263568887251
"670",9.70631827243583
"671",6.52688320038195
"672",8.81880579066089
"673",7.24608995531392
"674",6.29898685573539
"675",8.68507005749626
"676",9.37165049627425
"677",8.61737562427727
"678",6.5358948168666
"679",6.59531854876735
"680",9.366513770209
"681",7.82923960962662
"682",8.54436096898168
"683",6.79194702450354
"684",9.19155240469698
"685",6.08686728255671
"686",8.23802728129995
"687",6.07423755164783
"688",3.60613747512135
"689",5.28556373398049
"690",7.50444279881524
"691",8.62438412443874
"692",4.67304687535778
"693",5.42286329662071
"694",9.94681899486323
"695",6.6491509752651
"696",8.0585501978959
"697",6.50959701793402
"698",6.85212567227274
"699",7.43086630990786
"700",7.31644276419851
"701",7.0111596834369
"702",6.59530527228439
"703",2.72820866530191
"704",10.1029832505006
"705",9.98563631236456
"706",5.64837738742115
"707",7.04783871683505
"708",9.36291295706874
"709",8.7974350345783
"710",9.21490242811866
"711",5.69237962276031
"712",11.165902144297
"713",5.59981006034451
"714",8.43087451282493
"715",7.51191397066853
"716",6.69443452305695
"717",6.73087630272847
"718",5.8129047812035
"719",9.73398969363521
"720",7.43426984164413
"721",7.68882692382157
"722",7.61444924959155
"723",6.7372438704087
"724",5.59896813286743
"725",7.68058946452594
"726",4.15954082506161
"727",5.17214958574658
"728",5.68540495759243
"729",5.68198170599147
"730",7.46078322485062
"731",9.69773132248712
"732",5.02701378390255
"733",7.95051403089492
"734",8.64931712998156
"735",5.81570169656669
"736",7.22080089771628
"737",8.53541635393309
"738",6.91673634617892
"739",6.96897347912318
"740",7.76159018681593
"741",7.20998012000009
"742",6.46652066509117
"743",7.09207747080866
"744",10.1242596885797
"745",8.61050301940904
"746",5.92810439075856
"747",5.43262356650302
"748",6.76002663897609
"749",9.29316205142198
"750",7.73901867762543
"751",6.24774214473901
"752",8.62335185172703
"753",7.09994441691566
"754",5.61898225106287
"755",7.99178868131768
"756",9.58621421526822
"757",7.95170244719924
"758",7.58800055670839
"759",6.31563530737441
"760",8.15259779630429
"761",5.69414419766442
"762",4.82027646327866
"763",7.23497084725937
"764",7.24810974130144
"765",10.8475832980042
"766",5.47547903816215
"767",7.55635948502357
"768",8.50757964043329
"769",8.87588926617383
"770",7.28391327301101
"771",6.18511578785612
"772",7.20132392219502
"773",10.2096339879057
"774",8.02410851226375
"775",4.23328439116289
"776",9.43518869297537
"777",8.11075399137262
"778",7.24964234224371
"779",7.27320456833485
"780",7.0753154203099
"781",7.68483922143287
"782",6.54419960044448
"783",7.71551687749001
"784",5.90296596276889
"785",7.60022031291213
"786",8.96025613099967
"787",8.0638091704807
"788",8.85062451467667
"789",5.66369685729607
"790",7.38218917670889
"791",8.22587545408309
"792",5.69799269840007
"793",9.64872150558769
"794",5.74778798352211
"795",7.54677806275876
"796",7.52774849553262
"797",7.48250545295028
"798",6.9843631245348
"799",7.97490518071931
"800",5.75325326215381
"801",5.36595371766517
"802",6.31814704283013
"803",7.21401384422833
"804",9.18512173053557
"805",9.68118120979682
"806",7.77922219381712
"807",7.87238743403972
"808",6.93453267454083
"809",7.37207962607955
"810",5.19318120834731
"811",7.73490059334365
"812",6.49666962655938
"813",7.80201815965082
"814",6.78102799126825
"815",6.30757639774533
"816",6.97133293479693
"817",6.74964263404944
"818",8.94186731176356
"819",7.61381212365569
"820",7.94873713922982
"821",5.43871962129884
"822",9.54523256444203
"823",7.53905566174114
"824",6.01557789489512
"825",7.76356996817023
"826",8.60565104476732
"827",5.22448429254766
"828",9.83516045504584
"829",7.06295394223246
"830",8.98175617097297
"831",7.40839197863337
"832",6.80136573314991
"833",4.5476199300597
"834",5.64974167211921
"835",7.23798955012385
"836",8.54177881767571
"837",4.47748201876814
"838",9.36316166848636
"839",9.39848569645446
"840",5.58502561613359
"841",8.00845084328967
"842",5.74954117996868
"843",7.11220003196757
"844",8.69299410827002
"845",8.60250947154816
"846",6.02623809454978
"847",6.72004531828665
"848",5.83575464350425
"849",7.80931548985737
"850",4.96138725334934
"851",3.35601183767296
"852",9.50471842280929
"853",10.7102093694921
"854",6.61744968964176
"855",8.44165373064234
"856",7.28874582443542
"857",9.51147069957399
"858",8.13121589885407
"859",7.60549594767423
"860",4.60129532235119
"861",8.92443352119663
"862",6.77371957742972
"863",5.19476487292746
"864",6.99730500263
"865",7.10983276031155
"866",8.88881030899923
"867",5.54890595160401
"868",6.46353455902233
"869",9.53217989257474
"870",9.33799865315505
"871",9.04482181585354
"872",9.79228591802182
"873",7.60604646974484
"874",6.42717446969534
"875",8.13280609279513
"876",8.88808468873889
"877",10.9204499072066
"878",4.35252650093322
"879",7.70985355460023
"880",8.28219187430447
"881",7.21810201695942
"882",4.96326662727233
"883",8.41225133812937
"884",6.13137138810412
"885",8.05879224824577
"886",8.66132755902678
"887",9.22593551571189
"888",4.96320430392165
"889",8.92261277226867
"890",6.16452796458097
"891",5.36647078922656
"892",9.27148099887915
"893",9.01938995989746
"894",6.93612509844249
"895",8.43931105935752
"896",6.00951138786541
"897",7.07345263142193
"898",7.15941514935869
"899",6.87888991824399
"900",8.40114810474586
"901",9.60599130324392
"902",6.61634340583165
"903",7.25101232146641
"904",9.75513602374825
"905",6.80643704421019
"906",3.39394274408934
"907",8.0709756796719
"908",5.97029798333311
"909",5.80219239099411
"910",9.43122522037728
"911",10.9719970105228
"912",5.74032618789469
"913",8.84653777250014
"914",7.15877824244555
"915",7.51271118883067
"916",9.1333550521846
"917",7.6205117776616
"918",6.02295196920886
"919",6.59438668788571
"920",8.32920288294831
"921",3.79607900221015
"922",8.94286657277271
"923",4.94927485175164
"924",7.33289659422757
"925",7.01446153361206
"926",9.23960422903652
"927",7.58327397258494
"928",7.45290870235782
"929",8.3472037132879
"930",6.05947816571435
"931",7.00615171590044
"932",9.06637662071165
"933",8.32521043146978
"934",5.38675493987121
"935",8.25693455111632
"936",5.23361556309442
"937",6.40253379442049
"938",9.11638057578551
"939",3.92343223683122
"940",4.63147871367876
"941",9.25205900923964
"942",6.07781082392102
"943",9.16556052786837
"944",7.04762469886584
"945",7.94166351754439
"946",8.51991833444386
"947",6.32318219595993
"948",6.84311361528009
"949",6.67735424553155
"950",11.5241264140336
"951",7.48922060364637
"952",8.00920063466663
"953",6.78886968858857
"954",6.93731403601809
"955",9.36813200328597
"956",6.79167449569391
"957",7.33020445414114
"958",7.8654432462116
"959",6.65241438244318
"960",10.2385962342655
"961",5.15731058166824
"962",10.3169394697684
"963",6.77261216668123
"964",9.33567947027424
"965",4.30123388348879
"966",8.73412093214268
"967",8.6146468974653
"968",5.39317454265987
"969",6.14751418226556
"970",7.59028726820533
"971",9.01575314319551
"972",6.15100104395699
"973",6.96381100142005
"974",9.657020402466
"975",5.60897913872276
"976",8.72169097107529
"977",7.97315228385234
"978",5.64127820716551
"979",6.29819823673933
"980",8.4749162654533
"981",7.67343914906819
"982",9.43764741620121
"983",6.39732405686262
"984",4.72826845543079
"985",8.8717403897174
"986",6.38706757234881
"987",7.48051079023383
"988",9.8785627207777
"989",6.92437892153321
"990",9.62433299109547
"991",5.65429052510133
"992",8.68826685417435
"993",7.6701988178065
"994",6.19484269097282
"995",5.37998659166552
"996",7.41496549539176
"997",7.68274714368112
"998",7.71617022555202
"999",8.10528403334732
"1000",6.60927165103493
"1001",6.53259441671563
"1002",7.65540681869145
"1003",6.48761624256745
"1004",9.12884147056461
"1005",7.56120381265922
"1006",6.37709752585528
"1007",4.58966055387201
"1008",6.33447834115594
"1009",10.3690282781992
"1010",6.4588563683034
"1011",6.04600104122071
"1012",8.27942125416677
"1013",7.9619396872644
"1014",8.42744358488691
"1015",6.88303737226699
"1016",8.98398132438951
"1017",5.54108670970299
"1018",7.22668484803951
"1019",6.24378949417306
"1020",8.32113795702577
"1021",7.4950101421032
"1022",8.9645621226552
"1023",10.387751303472
"1024",7.51098329758748
"1025",6.49807502170243
"1026",6.06472491022194
"1027",6.90544902665403
"1028",7.19559724545943
"1029",10.2877028720809
"1030",5.60633568589335
"1031",5.66017384521268
"1032",6.68804996452333
"1033",8.18133919524747
"1034",8.53166778960611
"1035",5.93809795113723
"1036",7.49055790952438
"1037",7.23566053315364
"1038",9.09280970563865
"1039",8.93378835475308
"1040",6.83157895834822
"1041",7.36899064999288
"1042",8.27908392010231
"1043",4.81976104510455
"1044",6.83459355177993
"1045",8.16230932600372
"1046",6.51515176842982
"1047",7.21012269797772
"1048",7.26848869684944
"1049",6.21452017852553
"1050",5.80828024573241
"1051",7.00019914750281
"1052",6.77945826578937
"1053",8.55114259849218
"1054",9.59482331874238
"1055",7.28211643095003
"1056",7.89800798873732
"1057",7.19437702914141
"1058",8.2020397658217
"1059",7.6277431934182
"1060",7.65489325279031
"1061",8.969372691424
"1062",5.81886827590682
"1063",9.47179601968824
"1064",7.82366861826974
"1065",7.57123301606829
"1066",6.45963722330413
"1067",7.05418361262621
"1068",7.86052720664567
"1069",4.20442861390237
"1070",6.39771707674286
"1071",8.17898741845871
"1072",6.85827732047234
"1073",6.09920868177361
"1074",6.34645820329751
"1075",7.65362354862106
"1076",4.84775142272874
"1077",8.60684386087331
"1078",4.04659798834608
"1079",6.54499071652666
"1080",6.11922628153977
"1081",5.42709968567737
"1082",5.68313898983057
"1083",7.6751160304084
"1084",7.12033895317618
"1085",6.84872105132071
"1086",3.81885433662722
"1087",5.31351893275632
"1088",7.10303933130595
"1089",5.98294727048041
"1090",6.10484660453349
"1091",8.87431106949655
"1092",7.56338252277601
"1093",5.73423306754184
"1094",6.59695597749668
"1095",6.8726447776737
"1096",6.27955722814735
"1097",5.85391958425815
"1098",7.22229387699941
"1099",8.41179207927964
"1100",7.64027800535094
"1101",6.99977948092636
"1102",7.88173036715323
"1103",8.49087755057725
"1104",7.08922906262745
"1105",7.98370779841881
"1106",5.58164063937105
"1107",6.92552396774669
"1108",6.66955258675894
"1109",7.59349675534006
"1110",7.83597927076448
"1111",7.11457303150399
"1112",6.1506786658153
"1113",5.90542867482292
"1114",7.71778091590312
"1115",9.33525527841313
"1116",6.11929660760546
"1117",6.72280199155421
"1118",7.79602084037791
"1119",6.46806932490576
"1120",7.48235847223068
"1121",7.22860582453246
"1122",6.13562261414998
"1123",8.54716187670747
"1124",8.56946175583446
"1125",8.8362092599858
"1126",9.20199487927356
"1127",6.54045731811614
"1128",6.60327715523754
"1129",7.69182700073761
"1130",8.24512146482744
"1131",6.79056076566264
"1132",6.66498278739928
"1133",6.37259270866802
"1134",9.52330283609011
"1135",3.53775047193779
"1136",7.04863294932418
"1137",7.3573193155803
"1138",5.71058559550965
"1139",7.87813884223096
"1140",4.34936847428484
"1141",8.73245329166788
"1142",4.80495912269411
"1143",3.99589767985446
"1144",6.15465426131196
"1145",7.54312059086848
"1146",6.32264925285375
"1147",6.46106950708357
"1148",7.79980746258667
"1149",5.71164861776732
"1150",7.17122568135929
"1151",8.04689948939409
"1152",9.75098448506291
"1153",8.01917782186029
"1154",9.87214448825014
"1155",7.97974005029457
"1156",7.29513830976196
"1157",3.91519771562591
"1158",5.46301217210403
"1159",6.82155606439266
"1160",8.36840568378067
"1161",6.81622964023274
"1162",8.11547293188226
"1163",5.70428297224189
"1164",6.88880542397416
"1165",7.62550904871572
"1166",6.76092142275158
"1167",7.46924754247472
"1168",6.29387796092011
"1169",7.86151783488926
"1170",7.17841766123311
"1171",7.22942598002031
"1172",4.37681937033078
"1173",6.28949712808189
"1174",5.06553387265263
"1175",4.89142291356954
"1176",6.55917534873215
"1177",7.05880244838159
"1178",7.72540033870093
"1179",8.93689397545048
"1180",7.96660044538388
"1181",8.81810551113771
"1182",6.5105345685482
"1183",6.83823974021682
"1184",8.92775332663938
"1185",7.30181077590716
"1186",4.77963292647494
"1187",6.03016672136181
"1188",8.8113880897491
"1189",6.38389411348381
"1190",7.80016619916568
"1191",7.32133404352097
"1192",6.55546358897551
"1193",6.77382041139043
"1194",7.88758082178714
"1195",7.61436824333837
"1196",9.15200520984875
"1197",7.00027032334759
"1198",5.91518793695998
"1199",7.54885465236916
"1200",8.35800182986627
"1201",10.7229504335905
"1202",6.6044754803444
"1203",6.8104696421376
"1204",8.62373981559692
"1205",9.2219291897567
"1206",6.31197721509254
"1207",8.29685568241662
"1208",6.45226372893649
"1209",5.85673259463664
"1210",8.23504135285039
"1211",7.45974665830161
"1212",7.88399631721333
"1213",6.42924475491707
"1214",9.99246693389015
"1215",8.29793201357156
"1216",6.73839636152195
"1217",8.35412339651569
"1218",5.47822842415948
"1219",7.09337480957616
"1220",9.40503684802079
"1221",7.01674103259348
"1222",8.66573555799332
"1223",6.96711699971513
"1224",3.85296039954066
"1225",5.97968118165086
"1226",7.63410353355246
"1227",9.46982906640101
"1228",6.40989681249875
"1229",7.71396851707383
"1230",5.85277106578065
"1231",5.7753156379993
"1232",6.13402503487477
"1233",9.35359310100037
"1234",8.71046513486635
"1235",8.19049773597655
"1236",8.97319383015471
"1237",6.66336250489974
"1238",8.43936540533968
"1239",7.61444391680732
"1240",5.72634861278077
"1241",6.05340666657739
"1242",7.37507939787872
"1243",7.60844509224482
"1244",6.81796237200853
"1245",5.80526313432019
"1246",4.16366208926627
"1247",7.93785321916165
"1248",6.85709243629436
"1249",8.12374132477192
"1250",4.98116228012475
"1251",5.41999609703134
"1252",7.13300218799205
"1253",5.18077969655245
"1254",4.32556922391893
"1255",8.47539311175035
"1256",8.6513040096243
"1257",5.75505453699325
"1258",6.89191409715011
"1259",5.59904064224312
"1260",7.77464037512948
"1261",7.25548254849701
"1262",5.99580932356095
"1263",6.13867368415572
"1264",5.7068782098577
"1265",7.95456139328881
"1266",8.15651327172115
"1267",7.86471234162383
"1268",6.03566545387603
"1269",4.62074555764709
"1270",8.09631349473171
"1271",7.03441157890852
"1272",7.24091147504276
"1273",8.84819197731008
"1274",5.9597262483976
"1275",9.01602298852752
"1276",6.68021275718061
"1277",6.23021826736598
"1278",6.99138078427365
"1279",7.88502959326427
"1280",6.98917653211641
"1281",5.94923916917821
"1282",6.87756358181383
"1283",3.48710334829303
"1284",6.53723247719133
"1285",7.98394932630854
"1286",7.04611033820187
"1287",8.33249158339184
"1288",8.02897365096169
"1289",8.26847011953338
"1290",8.28406741753822
"1291",4.6921288579386
"1292",7.30623952002766
"1293",9.74510100191024
"1294",6.57927215943337
"1295",7.97920366363085
"1296",7.5150905964699
"1297",8.13551833778203
"1298",6.89195482424423
"1299",6.327551055226
"1300",7.40794126654847
"1301",7.61172224605512
"1302",7.0220015654742
"1303",7.34716099753967
"1304",7.91702790053617
"1305",6.13572416430631
"1306",9.00951648579709
"1307",10.6011404061199
"1308",9.51580799310226
"1309",6.61837322393865
"1310",4.56566909645133
"1311",7.38129693566439
"1312",8.6204098309061
"1313",8.4671600469035
"1314",5.45537983793239
"1315",5.63027723388488
"1316",7.50061695231646
"1317",8.23912201806528
"1318",8.60939749578319
"1319",8.52458796840844
"1320",5.84803676205027
"1321",5.33109241570002
"1322",4.28122033306107
"1323",8.05739904659173
"1324",8.54216734865414
"1325",7.80377603323757
"1326",5.71131333098303
"1327",9.65157512492402
"1328",6.74478006345491
"1329",9.96855754224354
"1330",8.12710300762086
"1331",9.08546596762828
"1332",7.79590333944161
"1333",7.20302165785018
"1334",5.78117789744018
"1335",6.46222871471296
"1336",7.22933824558536
"1337",7.72311110197756
"1338",7.25017118150336
"1339",7.03304201635987
"1340",7.57522827541309
"1341",6.51344193610373
"1342",6.49609381549074
"1343",5.11644294751596
"1344",8.56940720540201
"1345",7.37039855200229
"1346",7.17456364985898
"1347",6.18862207783762
"1348",6.92833920414639
"1349",5.66982571644805
"1350",5.72605397147088
"1351",4.42157234244011
"1352",8.77254815897265
"1353",7.48894612321795
"1354",5.62483543666835
"1355",9.04567990561885
"1356",8.23688752505368
"1357",8.413573411877
"1358",6.96134414958577
"1359",6.66569199012151
"1360",7.15292064699026
"1361",7.90703598435637
"1362",8.49987190996167
"1363",9.68420372493539
"1364",6.53639439379409
"1365",5.77665287777278
"1366",7.45128799841564
"1367",11.8331562779356
"1368",6.65707623237444
"1369",9.01852182667714
"1370",6.93535268562236
"1371",6.58218514335418
"1372",6.23437431668867
"1373",6.9831330584236
"1374",9.76267670631315
"1375",7.75277008084516
"1376",8.03099368482293
"1377",8.55810368864839
"1378",10.407612269329
"1379",8.4634282631193
"1380",5.1593329705721
"1381",5.74973299680078
"1382",4.91581732961226
"1383",3.02717984515932
"1384",9.23610089168891
"1385",6.55941418857639
"1386",7.89245601655902
"1387",9.07242677971587
"1388",6.53225095812929
"1389",7.09754852700667
"1390",7.82538426928668
"1391",7.63881883272644
"1392",6.13852712561784
"1393",8.39622341500989
"1394",8.1184532923637
"1395",6.86732605611776
"1396",5.4664286337115
"1397",8.25000039335288
"1398",9.4412794838725
"1399",9.37077624008403
"1400",8.60895185019301
"1401",6.57529739702159
"1402",6.50297962076418
"1403",6.41847286512115
"1404",6.68245319651875
"1405",8.36377843188008
"1406",7.68459513030348
"1407",4.5154591205428
"1408",4.50911855527832
"1409",7.26574885939847
"1410",7.52490812092156
"1411",3.83878848694706
"1412",6.07532916128184
"1413",7.34134172754503
"1414",9.49267887276471
"1415",4.28069690751658
"1416",5.41683358302703
"1417",5.67953972917266
"1418",7.56309411797328
"1419",7.79625883212138
"1420",6.81896615304941
"1421",4.88150696807502
"1422",6.35417137470352
"1423",6.45927102001617
"1424",6.99612807337447
"1425",9.73432777169751
"1426",6.28484420434301
"1427",7.41439660770804
"1428",6.24190248755963
"1429",5.43965822643412
"1430",8.2539218468029
"1431",5.72405698052088
"1432",11.4028137844333
"1433",7.43884440674082
"1434",7.39038036411801
"1435",7.20018218348371
"1436",10.0654683100601
"1437",8.29589066560541
"1438",6.92351403437805
"1439",5.55071529008375
"1440",5.74190835892383
"1441",6.12251604199403
"1442",9.12242264646746
"1443",7.01652763634365
"1444",6.16420206598026
"1445",8.48808921682041
"1446",9.31777002853326
"1447",6.25820277389303
"1448",6.63260118393644
"1449",7.81792628008568
"1450",7.29273334519605
"1451",7.90954970722717
"1452",9.87129778865715
"1453",7.20942016881855
"1454",6.87894659869864
"1455",8.02812169134168
"1456",7.22598320539006
"1457",8.24164759229918
"1458",6.96404327286962
"1459",7.96528407160166
"1460",4.95438893864816
"1461",7.32085548745509
"1462",6.52567601907447
"1463",5.51418613672371
"1464",6.68039618824446
"1465",7.85799241813436
"1466",7.4385144460307
"1467",8.34022564378169
"1468",8.71134886473032
"1469",8.54269604459179
"1470",6.81326623528698
"1471",5.30776570291442
"1472",6.87949754513146
"1473",9.05448315476622
"1474",7.11778545263789
"1475",4.84406252343232
"1476",8.03707483430466
"1477",7.72272896604006
"1478",6.69909496721172
"1479",7.560042254284
"1480",9.354081504318
"1481",9.24879414063526
"1482",6.61555465968181
"1483",7.31599729278708
"1484",5.11886628259864
"1485",6.20837001104688
"1486",10.3123605961978
"1487",9.54701452826643
"1488",6.9561179120753
"1489",6.26130228204584
"1490",5.2500650542474
"1491",10.4890777806455
"1492",7.47194458725771
"1493",6.40907663594932
"1494",8.91710100692688
"1495",5.65062125071163
"1496",8.38984629640968
"1497",9.4613054533579
"1498",6.9847447605675
"1499",9.47692141582505
"1500",8.26232714711387
"1501",6.28178857168006
"1502",8.16146910452119
"1503",6.24322821056661
"1504",6.4990239141551
"1505",8.46157690992649
"1506",6.5865679069918
"1507",7.26335893166972
"1508",8.82851214442655
"1509",5.49162940660216
"1510",9.69294080120805
"1511",10.3629331899895
"1512",8.22172187506496
"1513",7.93289676120524
"1514",6.55536749846016
"1515",8.03644211923905
"1516",6.54702674559473
"1517",7.73225472737742
"1518",6.27006098763831
"1519",8.48260567904575
"1520",8.33705326144553
"1521",9.16449851207699
"1522",10.2733145686437
"1523",6.33033724807128
"1524",8.74928393834102
"1525",5.15909882935719
"1526",6.61377436202796
"1527",8.7182000269127
"1528",6.19241627444641
"1529",7.81846104981686
"1530",5.94933295915709
"1531",6.74447394382741
"1532",7.23880461032491
"1533",6.38152185039093
"1534",4.38122186527545
"1535",7.66464449429136
"1536",8.01235014310679
"1537",7.50507186109171
"1538",6.56687841146753
"1539",8.65030548589066
"1540",8.91630349009213
"1541",3.73949371592512
"1542",8.98686225629367
"1543",4.63067837926973
"1544",6.78317445634686
"1545",5.63624032936108
"1546",6.35484132561536
"1547",9.27532565308636
"1548",8.10177008242611
"1549",8.04084712861282
"1550",4.18301135298278
"1551",7.59448801411235
"1552",8.24320473081085
"1553",8.59142071509043
"1554",5.84012897428716
"1555",8.70631457804599
"1556",5.2071913325571
"1557",9.9081145283145
"1558",6.1020485646347
"1559",8.44753658015402
"1560",7.77686701770315
"1561",5.70459922358067
"1562",9.0163879841029
"1563",7.35006526394109
"1564",8.52761166227177
"1565",7.62728812873331
"1566",8.60274587861487
"1567",7.33252078134712
"1568",8.97284297453952
"1569",6.77172870263331
"1570",8.0909324773732
"1571",7.86785728336591
"1572",8.56578966564757
"1573",6.3684362575647
"1574",7.5665372468018
"1575",6.42975238130223
"1576",8.66295673860017
"1577",6.34497043078738
"1578",9.89835804456512
"1579",8.48555740305867
"1580",7.27943803171924
"1581",9.10929471280874
"1582",7.17311358979262
"1583",8.14489342245405
"1584",8.09229160002265
"1585",7.93455764861549
"1586",6.40485365543633
"1587",5.4237335835982
"1588",4.77759893533925
"1589",6.61555546149809
"1590",8.3241897883037
"1591",6.94144377474577
"1592",5.49497359979809
"1593",10.5347164029251
"1594",8.35301413457291
"1595",10.2199271503984
"1596",9.11955453058193
"1597",6.38293132245323
"1598",6.68211819512982
"1599",5.13897853259543
"1600",8.41071017966452
"1601",9.735488878341
"1602",5.9192726828911
"1603",5.49670352977123
"1604",8.62401710254672
"1605",5.0252814465989
"1606",10.1824173366528
"1607",8.15820366670937
"1608",4.72765741924217
"1609",7.83237834359863
"1610",7.45777279871649
"1611",3.59737970022299
"1612",7.23721295451407
"1613",6.41910884819944
"1614",5.96905451086412
"1615",7.65807522962602
"1616",8.57633545344071
"1617",9.89051324982108
"1618",3.35123853085688
"1619",8.41541699171495
"1620",5.87147333299706
"1621",9.03449524807076
"1622",7.81879251123676
"1623",9.46743575809064
"1624",5.07585804136501
"1625",8.04194694644326
"1626",7.74273900705195
"1627",8.87179336887914
"1628",6.9532472370475
"1629",9.01602526889311
"1630",6.63255868678618
"1631",6.65614389416033
"1632",7.33806895218368
"1633",5.69612174142656
"1634",6.61514253874857
"1635",8.96500574272362
"1636",9.77774305645859
"1637",8.97138201944253
"1638",6.66270223721713
"1639",7.77771982830943
"1640",7.44773447341711
"1641",5.4114587905963
"1642",7.68611231671107
"1643",6.06356000849229
"1644",5.70906367157929
"1645",8.38825819204886
"1646",6.23810216934049
"1647",7.08392687423558
"1648",5.83942663467785
"1649",7.38391663877971
"1650",8.03851982972573
"1651",8.05381788200036
"1652",5.68711303415592
"1653",9.18706337503986
"1654",9.53945756956658
"1655",7.85936563961612
"1656",7.53621932182652
"1657",7.41601435498162
"1658",7.68631891890962
"1659",7.86463538308396
"1660",7.50523542842225
"1661",8.2807347563721
"1662",6.7963471864337
"1663",8.99401739275326
"1664",7.24347578234406
"1665",4.66645897519576
"1666",7.15041944592489
"1667",7.97053067898081
"1668",9.14504750925055
"1669",7.39031564892266
"1670",4.3898961974935
"1671",7.30724764888804
"1672",5.50118211704879
"1673",5.83584144452538
"1674",5.76155942314755
"1675",6.10115961323116
"1676",9.00569363583504
"1677",6.05270665068424
"1678",6.64140583907055
"1679",7.57626019210038
"1680",8.63556943836879
"1681",6.29994248488752
"1682",6.06066420419501
"1683",6.52207641667924
"1684",5.54242195114994
"1685",8.68005002420472
"1686",4.02706279885158
"1687",6.50846188396765
"1688",5.13828996685919
"1689",4.36482282371534
"1690",7.34298729561889
"1691",9.60735349198417
"1692",9.75196053219973
"1693",6.45583568747085
"1694",6.25456643722263
"1695",6.49266054479262
"1696",8.36516534767578
"1697",3.45745455552997
"1698",7.67155071163343
"1699",6.69168942848867
"1700",6.18409225472334
"1701",4.29081995301981
"1702",6.99126037332557
"1703",4.8264148413162
"1704",7.27703819021149
"1705",5.95764748372987
"1706",7.36947958627535
"1707",7.99150611907567
"1708",6.54439184920308
"1709",5.76640231567599
"1710",6.38238665645453
"1711",6.29890974517826
"1712",5.06008625641679
"1713",6.12907267914071
"1714",7.00989229771427
"1715",6.9687500353009
"1716",7.79431260983094
"1717",9.23781358468531
"1718",7.8005065474958
"1719",9.51368046211308
"1720",6.32811105291954
"1721",9.32600261500049
"1722",8.19011336172641
"1723",5.51243667214895
"1724",7.90325651872784
"1725",5.44346073914578
"1726",8.72084601353757
"1727",6.49038078245863
"1728",6.94583471944507
"1729",6.28069526658515
"1730",6.02173256145355
"1731",9.85320956379517
"1732",8.78770678435416
"1733",8.31281961554117
"1734",7.41042993850591
"1735",8.40450072182771
"1736",8.29256916537393
"1737",9.70528089757193
"1738",8.57505966731866
"1739",6.99071649031373
"1740",6.97766058511016
"1741",6.59789115349581
"1742",6.75439215877625
"1743",6.94497409075671
"1744",9.1343211243974
"1745",3.80746055095286
"1746",6.24723125738449
"1747",7.10067892095002
"1748",5.3751123943702
"1749",9.7286509151583
"1750",6.94907754848221
"1751",5.62462280317961
"1752",5.96257931978399
"1753",8.60859274377016
"1754",10.1035140107561
"1755",7.11359724428164
"1756",7.46054321106447
"1757",5.87719740991735
"1758",9.27496706609377
"1759",8.38398538951895
"1760",3.8061198057137
"1761",6.33215118127371
"1762",6.94882375848771
"1763",5.63775898992921
"1764",6.89016373659677
"1765",5.59983826860371
"1766",7.83896193059586
"1767",7.8034671457977
"1768",8.51647652970907
"1769",7.92468420390036
"1770",9.69117105828079
"1771",6.72079318406785
"1772",4.07004494884535
"1773",7.33848881961983
"1774",8.27477326753825
"1775",6.6981466007308
"1776",9.40131471644937
"1777",8.9421530180291
"1778",8.10623994838182
"1779",7.40466213666192
"1780",6.47274905020932
"1781",7.03458494832709
"1782",8.00376677150489
"1783",8.75169518237153
"1784",6.8558280147785
"1785",6.20762011236455
"1786",11.0134087927992
"1787",8.07783575552455
"1788",5.94459519199382
"1789",8.69646858451488
"1790",7.39252974684678
"1791",8.54018387278245
"1792",7.37769542884124
"1793",7.21235642313219
"1794",7.43591743106839
"1795",7.91917119557882
"1796",6.3848714026841
"1797",6.31695515459029
"1798",7.02283119079096
"1799",7.55695214745563
"1800",6.82393531709591
"1801",7.77547684368685
"1802",5.647396881097
"1803",5.15356232069893
"1804",10.1380159487621
"1805",7.89681566959047
"1806",6.70445779990813
"1807",6.88006322726446
"1808",8.47767779656534
"1809",6.98451877865597
"1810",7.58817244581503
"1811",6.90291156085232
"1812",6.54791341309486
"1813",8.20328472028038
"1814",7.51224183752522
"1815",9.25271900045551
"1816",5.61190471348788
"1817",7.09703889092591
"1818",6.98651657677032
"1819",5.68770649912949
"1820",8.7967880893874
"1821",7.13890037638878
"1822",5.2216630143528
"1823",6.41178905890867
"1824",5.64199965903086
"1825",8.85863276892163
"1826",11.1143566852932
"1827",6.28942627129538
"1828",7.1616549878473
"1829",7.71960255143599
"1830",11.3634391285102
"1831",3.80649480448639
"1832",6.52906639645553
"1833",5.49580786415838
"1834",6.95856279064463
"1835",6.88615117362099
"1836",6.2052867909626
"1837",10.0512335762853
"1838",7.68559800559747
"1839",10.8903780612819
"1840",8.53542493932753
"1841",5.40203177461594
"1842",6.16976317739772
"1843",7.70955762874443
"1844",6.43315158837244
"1845",7.83143453361642
"1846",8.39885896293733
"1847",7.93168341497661
"1848",7.09808074874372
"1849",6.33469159920614
"1850",5.36601896625375
"1851",7.81134234789747
"1852",8.68350351113935
"1853",7.18049588538223
"1854",8.43042647908672
"1855",10.641294525286
"1856",10.2007319229366
"1857",6.5576417848358
"1858",8.1200677620926
"1859",6.2466840433808
"1860",8.33472013585241
"1861",7.21245528988488
"1862",7.71638136709997
"1863",6.0114780783862
"1864",9.10806687374896
"1865",7.1737300502847
"1866",6.6311200630674
"1867",7.18506794107722
"1868",7.41459756999381
"1869",9.75529601754077
"1870",5.63391401749938
"1871",10.9884868052365
"1872",6.14003142030548
"1873",7.5619650624401
"1874",4.21278795287612
"1875",6.31830920450542
"1876",8.3976600461931
"1877",8.05784958786853
"1878",7.91585833262882
"1879",6.59985204470097
"1880",4.53464130091326
"1881",5.69076305941087
"1882",6.95525685201394
"1883",8.23245576248605
"1884",8.55616822208455
"1885",6.84566792626914
"1886",7.07267119838142
"1887",7.05572271621439
"1888",7.38676829943359
"1889",9.60571732837923
"1890",6.20993120786441
"1891",6.99285592067147
"1892",7.41808943866449
"1893",5.29260116022241
"1894",5.91845614719558
"1895",7.60039292291366
"1896",7.94060369160864
"1897",9.01013531407047
"1898",6.60144106534224
"1899",9.48085093185153
"1900",6.0031656740207
"1901",4.9055753807466
"1902",4.38097983167201
"1903",8.95607541241088
"1904",7.75730816695818
"1905",7.10436716507721
"1906",6.85957991948216
"1907",9.67938318311015
"1908",9.10171825608887
"1909",5.79439043320112
"1910",5.21347452577566
"1911",8.9279438213948
"1912",8.14091770902601
"1913",6.53352852236543
"1914",7.89467794835665
"1915",4.26515334413296
"1916",6.30228779059983
"1917",7.95251080828915
"1918",7.19063254146406
"1919",5.377168533827
"1920",8.82289919601546
"1921",9.04458900880303
"1922",5.8899402423145
"1923",7.02180005631547
"1924",8.39592090919037
"1925",8.59558726407799
"1926",6.5068785780477
"1927",5.98219024064785
"1928",7.81761311026808
"1929",4.42597267295549
"1930",5.87488361597746
"1931",8.46038069058616
"1932",4.74430239172854
"1933",5.49883430982604
"1934",6.93882240457845
"1935",6.84688974829418
"1936",4.66893286346908
"1937",8.06406826283638
"1938",5.76781549437435
"1939",7.06291159389517
"1940",7.00514168949857
"1941",8.34494311124678
"1942",7.20102781042958
"1943",7.09847802167761
"1944",9.78211126600332
"1945",7.85784232303047
"1946",8.23531069391515
"1947",8.01234794024605
"1948",8.15745193996786
"1949",9.30360470055699
"1950",7.21434375855011
"1951",7.66426591963365
"1952",10.2544511992214
"1953",6.50494252985578
"1954",9.23651346930436
"1955",6.38938270589152
"1956",9.86520951298035
"1957",6.30062893035902
"1958",6.07844158492712
"1959",8.85460393667429
"1960",8.74739729891937
"1961",8.12756625619012
"1962",7.70978279401042
"1963",7.66278970501285
"1964",10.3821410590698
"1965",5.15119825717287
"1966",5.8204955244201
"1967",5.38128981564086
"1968",8.74113323556452
"1969",6.9315370969992
"1970",7.1049873161548
"1971",9.9749602275087
"1972",6.4314603208232
"1973",10.3341919018649
"1974",5.18583877953455
"1975",9.27675341957274
"1976",7.78468150386224
"1977",6.71709922001256
"1978",7.04074464491939
"1979",9.30846200166837
"1980",9.85570880856533
"1981",4.78229826842299
"1982",12.4316419125356
"1983",11.1669139815667
"1984",6.51201724801657
"1985",7.2034271421896
"1986",6.30467896669499
"1987",7.16049836711472
"1988",8.40978915736875
"1989",7.45504422239584
"1990",7.5880104973065
"1991",9.51821140404459
"1992",3.99419728212872
"1993",6.56283542889727
"1994",7.51662590689433
"1995",6.12534904402347
"1996",8.89144936043056
"1997",6.63174153681696
"1998",6.65622976934085
"1999",9.08351770079478
"2000",8.55144110959226
